0.824125262061334;-1.02444884092033;-1.39013621828498;0.244741975036993;1.30140177494959;0.067857542913025;0.668494409991468;0.142531216186313;1.37642928540439;-0.972589411389136;0.514556658167922;-0.592879283894817;0.621221615911943;0.666660465493979;0.382244567129765;1.59046380191675;1.64015017862743;-1.45618393008058;0.624629813650496;-1.31013277449875;1.18358393493381;-1.44380234869087;-1.29638835507292;0.73218293695794;-1.09076696253438;-1.16333639586215;-0.13964930773741;1.64355977373803;-0.119162241233381;0.997612811787818;0.908982226162408;-1.13129656114416;-0.845595378158932;-0.934455918729136;1.13041141703698;-0.338981237226318;1.38813851529828;1.20667822786876;0.740343350670391;0.729312479652436;-1.41250969158896;0.289551787257609;-0.870926768422249;1.25240638185069;1.2113996503377;1.38438842329035;-1.03429393838853;-0.898284268964962;-0.256918089046496;1.00752051093692;-1.32091646902456;-0.860575480630337;-0.297573939413688;1.47695425198593;1.12370557231014;0.769330596106715;-1.2266575004929;-0.47208762209858;-0.16308807707412;0.966141156166244;-1.29109016399506;0.675166169397785;-1.2369035572258;-1.11978054102892;-0.231340104407202;0.147256204666588;-1.24588092038138;0.0570805199955863;1.18648058160135;-0.777371210289409;-1.29627172802702;-1.06512506388682;-0.546295747606627
1.53489987231681;-1.97018704349116;-1.02693812630672;0.977052917792694;-1.37723406592271;1.08864647691344;-1.28949355022528;1.50587543586927;-1.18826245610742;0.172231403942134;0.317197471832247;0.670335290769631;0.0162414090482035;0.666256399430114;-1.10766539039035;-0.79264969126693;-1.66194405116243;-1.0345110960232;0.124271894650931;-0.460105859718535;1.39059245190387;0.315120524511512;-0.82781575399063;-0.273412509922974;-1.79566140402029;-0.324299667259859;-0.824252296118031;1.04177031118557;0.359266934136947;-0.824347315558215;-1.47205362425547;0.652776259730638;1.35485539201766;1.28516716181987;-0.53643335054827;1.33118908202534;-0.0329519378417202;1.29261918563275;1.26870725384674;-0.298111180590795;-1.30359767211304;0.998294388905402;1.00296480019488;-1.76655146964373;-0.437932353210771;-0.651519324838894;1.06114203354279;0.862220580835793;0.976234074821143;-1.53811295322533;0.676849753216849;1.46130419388651;-0.315743329847236;0.544043254322616;-0.688475360031079;-0.872388720327797;0.517256883141181;0.906102556257968;0.68054625367989;0.606693773978857;-0.17926929510162;-0.671635688769137;-0.94555956640077;1.2957130320925;-0.447883039935489;1.32404938474332;0.975108071393682;0.390702419870049;-0.889478318154708;-0.779226299773972;0.899930419216503;-1.29493506415347;-0.643590177228222
-1.16568128563318;-0.743375504428486;-1.19585181755765;1.48339653017396;-0.647860860770046;-1.42427751982805;1.02580165415431;0.78381611402482;0.481929226398065;-1.52354249763607;0.313508353671331;0.667731699745641;-0.768500110977062;-0.617992323180094;-0.776148074398849;0.38998777238921;-1.25235467056392;-0.773019144121168;1.23147222137859;-0.97545221637514;-0.925369707416434;2.05401636704311;1.53943767356483;0.360114528840016;1.87961567430747;0.850779194876047;0.406205723845739;0.541944823933356;-0.916919621476496;0.167413252398962;0.171185420377307;-0.271777684015215;0.388124787196254;0.521612718270569;-0.231374364342181;0.208550468693341;-0.574995390985368;0.323781208650676;0.0861733108921212;1.25254097610575;-1.42373566699091;-1.25581253968363;2.02033819951633;-0.230417171181254;1.42029054357149;-0.44875026056573;-0.761070869538052;0.8653906639508;0.673613200947864;-1.07858952936245;-0.720066867281263;-1.08883697286271;-1.40939844706433;-1.40357861915744;-0.800464727665181;-1.04650158009993;-0.109617105416959;0.617229726178689;1.77697692844285;0.674556016930261;0.342712828902562;-1.10540819714039;0.111470708139978;-1.27474905336224;0.478468154562977;-1.00397898967479;-1.30965811481195;0.883083243328723;1.78657811373844;1.18849752948416;-0.62428186398676;0.597060193361758;1.31400361756307
1.64317443146079;-1.2226454912532;-1.32519599977801;-1.58345471996991;-0.0725512332697845;0.738893892045604;0.413491670373695;-0.210054505057327;1.26190489780513;1.54692538196353;-1.47207022246173;-0.840435669324602;-0.516231671280928;-0.622751389152851;-0.0535375762235497;-0.462228414172605;-0.903400606156051;-1.33587851302263;0.623978485163993;0.3968694595615;1.14947085950507;-0.820987353292971;1.38448576513725;0.471634577162446;1.25477852165257;1.04460375084073;0.496951541175005;-0.863560118017266;0.230688387268111;0.85984834912391;1.21343264190396;1.26614933415247;0.515282875797647;-0.429556655357431;-1.4378995809894;1.43298503265835;-1.21387860287839;-1.16973284888287;1.40895760210031;1.23004914575671;-0.709554005858692;-1.04538691947479;0.468140484767245;-1.07710376355112;-0.273394808264346;1.16288882376468;-0.909854733590869;1.18084152610016;0.34561120572595;-0.611742704041398;0.615693678579656;0.527693426780537;0.264542142308558;1.55452109187346;1.42583794495436;0.85139872225768;-0.945621792904758;-0.135321113454768;-1.1767237781368;0.544354479375166;-1.37082071162548;-0.33571127410512;1.22076657116025;-1.21070651381486;-1.27927032243651;-1.07671009312852;0.305790918363436;1.57483444756219;-0.797614870659535;0.174986854603787;-0.861112873790292;-1.34643081976927;-1.08332665163726
1.30381051966752;-0.37311437606108;0.795567812020058;0.57039303475148;1.08196510857403;-0.761153248875526;-1.46244749295281;0.53744440478662;1.22025374724421;0.656244567489115;-0.656570328863045;-1.29895635784684;-0.82481475338583;-0.485658523579743;0.838706470446459;-0.0376233338077415;-0.503517805017943;0.992864272765065;0.79648827331925;-1.55360566157764;-0.632763602204192;1.23151427039916;1.55316010432154;-0.478666576138812;0.24151268862318;-1.34404016087983;-0.69857005791935;-0.640822162739125;-0.71331442377342;0.563211630552634;-1.37790790643545;-1.29335633132573;0.545675617095107;0.168685038409557;1.10535770410151;0.651691410456422;-0.655161450707173;-1.04677804002572;0.0278164474625154;-0.774700281285752;-1.19158903610141;-1.34351135148744;-0.567020093556606;1.10841487209496;0.57678585380409;-1.39156837944784;1.57634860564686;1.45468692655158;1.61475171115918;0.338011383050577;1.77221850903229;1.32014594837103;0.404032859072678;-1.2826500370461;1.59468762232147;-1.48881576744291;0.0282909603024236;-0.286877628552399;-1.23223167058297;0.864893252742594;1.89198224972887;1.13294011047136;-0.310353188151229;-0.904069900019692;0.473040457213292;-0.924326014248581;0.109933465743098;0.961065648889655;0.363549213003789;-1.37409695672123;-0.943573899811838;-1.01785178170349;-0.59606419140872
-0.189063597561099;1.5584398681835;-1.13923713988627;0.0619914101367527;-1.4329802449737;0.792687766900007;-0.120716503374391;-1.26673706997778;-0.419603463252123;-0.532590667793813;0.797244742908675;0.623119595093705;-1.02121553108149;0.0838053872426778;0.0948895427576812;0.383494071961033;0.940605284088549;-1.23569362139302;1.55151908475289;-1.71931257385621;1.03383711681462;-0.986572587987238;-0.608737074721349;0.817307034308298;-1.55190689693746;-1.22247092854698;-0.266448367186174;0.300121223894404;-1.24465766332121;-0.719177470964558;1.37643994819449;-0.508868707777499;1.15693158273692;0.191939232309972;-1.48906577604393;-1.21683443791358;0.77593226912358;0.0519478969720967;-0.660075999540259;0.648536127390014;0.517998277169894;0.0975298093901213;0.384597166302765;-0.340615949005191;0.618055397551767;0.136546935518636;-0.580709653267198;0.653492581010038;1.78452765985608;-1.4464994116777;1.21887647552169;1.4763154127362;-0.835476305113723;-1.52898543604314;0.0659560946770929;-1.12659760527768;0.24307034720103;0.00166592487743089;-0.310208288629609;1.74770078264527;-0.86497046161764;1.5373723718032;1.93613069241542;-1.62453258799139;0.0491794830836919;-0.617993145017647;1.42439811142878;0.745055335680531;-0.35123543241721;-0.612382615032565;1.56577190190945;-1.03544920858737;1.38259247721923
-0.873620172750075;-0.22801253364518;-0.844625844727726;0.525585931920203;1.48530918840773;-1.48591168665895;0.249528375760682;1.16021822523114;0.918184016888785;0.427062735324342;-1.48365812296739;0.0323602219265281;1.63169373542539;-1.37510380924137;0.677647141491711;-1.54965999362872;1.40322119068045;0.448380747541691;-0.985611905393944;-1.34417425091556;-0.376328858360642;-0.342425343486485;0.831670783809669;0.118890784097489;0.0887986894869352;1.37944471560215;-0.583831690376793;0.598078454278004;0.565090998265899;-0.785095429589969;0.426192684988791;-0.902277982612536;0.302134919770548;-1.57772844449081;-1.49774830577725;0.631111744220151;-0.742438464590713;0.227616573567954;0.459592534692456;-0.157089205618703;1.2139853465123;-1.28405648385025;0.0626509318068707;-0.733900239993177;1.52376600592327;0.287606820727212;0.144510464561546;-0.807040331181779;-1.0827795193485;0.553455704594865;0.0245962775741299;0.752221874486032;0.703483818614984;-1.20118351617027;-0.0651771102552257;1.18739698444246;0.658908496251197;0.755075184880832;-1.22248618434741;-1.5534089539751;0.816511817423888;1.37004173518872;-1.06414619981544;0.044006019698074;-1.65840337644513;1.13721167335119;1.44881711586203;1.55014875313553;-1.5366289302448;-1.61273802950912;0.911370284668043;-0.483668809668184;1.70738002655528
0.937905904198679;-0.815471851998746;-0.726241686835233;1.36716452063749;-0.0593687823376665;0.353642413252579;1.57626388483678;-0.394543849156031;-1.42015632468191;0.0575005869935404;-1.63463371075778;0.956995369517271;1.44729660044871;0.149998480633177;-0.122475844271385;0.244488347084473;-0.944200540314039;1.74962255264101;0.259732437914036;-0.176421956462575;0.394203077515437;0.790836247400411;1.61960243442014;1.55487208557068;-1.62752787885463;-0.709235916543132;-1.2545685629362;0.600651865355063;0.352868872710859;-0.906825835375855;-1.10919603100722;1.41497355353673;-1.1311872161238;0.809532263754459;1.58865449043537;1.4112215994382;-0.950638976424472;1.64995119346534;-0.883487532948123;-1.1990120635862;-1.00210920430423;0.633233540434541;0.637066581225194;-0.279462705041801;-1.0549278123638;0.901035286362799;-1.31504247673562;-0.607986467436922;-0.0196296284913779;-0.283871312576752;1.19990057659449;-1.57107628307043;-0.946661694346792;1.49953496022056;-0.274196625629453;-1.49935905274642;-0.65727344573839;-0.50331293172542;1.34826368994742;-0.996561575339227;-0.0382177333559175;-0.670816690062979;1.03038811881361;1.26447035137444;-0.479732091543934;-1.27180642361401;0.441753876096375;-1.00866437285044;0.339144830878301;0.244103396970911;-0.451301386035747;-0.816350893098888;0.986681376044443
-0.243091410376631;-0.843888086674214;1.39538310505839;-1.48156476990959;0.174790501984006;0.849306239939296;-0.777475084095707;-1.05256366152654;1.00860029061508;-1.03882637002777;-1.02320641297505;-0.377135118276927;-1.18915548960547;0.613788052502842;-0.874428075289146;-0.598996238916362;1.3031501331485;0.335586265132582;1.1977022594514;-1.34118482081805;-1.5201865460097;0.520592294888743;1.30782272491521;1.2453169894554;1.02680128911981;-1.43743467384052;-1.42167185465338;-1.19162189450757;1.33146749771788;0.723367065543947;1.37193938431084;-1.46860049654327;0.286005020581927;-0.805181827519637;0.901932565325785;0.574536870988545;-0.0983456797455224;1.61587400613274;0.75869168569751;0.230290638894538;0.364561377222747;-1.58568309025072;0.51239055018268;-1.29027544538888;0.308616063887369;-0.115301821320375;-0.958599392309628;-0.263522261836264;-0.398799734368859;1.19899436987162;0.57597288770216;1.45333863023714;-0.0687443416296037;-1.12603477931125;0.764116748363856;0.858548877981159;-0.529478228342891;-1.47743222322087;-0.886133475782868;-0.0152731629993334;0.64347975576882;-1.21335152841199;-0.76179857599789;-1.34226511375273;-0.788533171092082;-1.18210425525564;0.959092444387679;1.2382589211607;1.33408807042359;0.173267636968841;1.12158202407569;1.30950871026229;1.1991271626816
-0.681214162949732;-0.0682703170994575;-1.64002284163713;-1.70093184790651;1.05233753961536;-0.713862115797019;-0.495502979057402;1.23603522742174;0.513869167310667;0.902241778228163;-1.56882131577746;-1.55295903272384;1.65854188039552;0.256915541055164;-0.208538443991757;0.0767845419955778;-1.66353059714494;-0.535993615663879;-0.243570421030534;0.950185365439191;-0.88686372862846;1.30582241032637;-0.0322019157284821;0.869219983286299;0.261998021039902;1.21168324124993;-0.124894687853954;0.602907854685207;-0.590362220037621;0.0466868549345932;1.13692197475932;-1.62735538075929;0.965267950526043;-1.43940361370395;-1.08100618808174;0.636791539348198;0.763201196311655;0.924499194628773;0.150371549558422;0.908819431934573;1.31905869168301;0.513315438351846;-1.51893769364333;-0.426545323001328;-0.930171744972706;-1.56311690944393;-0.731229149357137;0.251999293012844;-0.461008265599868;-0.449554706037123;1.39263457003412;-0.96894842666657;-0.253236722173605;-1.2472112405347;0.472493340100909;-0.241960710377986;1.70900746152714;-0.764166962025318;-0.217854006048304;1.58573016126354;1.15610843495505;0.646665029155503;0.116746481521605;-1.24246865356168;1.51039566636695;-1.65111690095592;-0.773151120351775;1.38829452816172;-0.371729236800845;0.899745879558157;1.05865920858203;-0.842953928875597;1.05871069767581
0.462523451245989;1.37373163263076;0.174351290876627;1.07008718759806;-1.75642061750421;-0.122388045554444;-0.0924726685083931;0.0445225393142245;1.36440383179534;-0.977725959100694;1.63896590264662;0.237420978569016;0.234038226113672;0.204658945725458;0.358021317739458;-0.420762427867576;0.826934345708984;0.555763528735918;-0.438743979333774;-0.886505790872447;0.133438563759099;1.51513085813639;-1.4330558143591;-1.75383236455024;1.48119527720548;-0.44988795275698;-1.37659176217067;0.884012674343419;-0.662226599802788;-1.48965202588072;0.22020150744585;0.0487098492923586;0.384896807483429;-0.555390649852959;0.818936287897023;-1.24823693357274;-2.06663976999919;0.224486243281046;1.3021640693178;0.809649961432677;1.41508153381969;-0.64214719876344;1.55608558160936;-0.712005633702852;0.0727741314032383;-0.106410781237042;-0.91927483215132;-0.54889542620433;0.318792268983318;-0.406474445292172;0.316721856330586;-1.95116904981801;-0.771849708686423;1.48214063018998;-1.34397237137869;0.75011376368224;0.591756287490035;-0.286847504072961;1.39161308096523;0.496188505825406;-0.960827442883604;0.826235827720829;-1.50828202038281;0.639024698176244;0.604793704026097;-0.62477510614556;1.65524534165823;-1.42560228353319;1.18844382840108;-0.608772908187626;-0.569153817368215;-1.61258305707189;1.05632062999076
0.786979546201555;-0.126485942141618;-0.942277885497741;1.83422696638428;1.24436024447205;0.285478851123756;-0.237988884562038;-1.2078531507584;1.15186290843948;-1.1247339250473;1.64792685926976;0.303027189989651;0.268327173943387;-0.903270794629061;0.918076473426896;-0.931006109375212;-1.55527435554521;0.273868152105022;0.326082204834407;0.857464886440382;-0.915919920467516;-0.0793792067838711;-1.10424300931808;-0.863742032776566;-0.819572366849981;0.727649540624853;-1.00996125066287;0.341812213210156;-1.17581351003782;0.362902945744556;-0.810461685036582;-1.47386956068563;0.0583765466837043;-0.738735742967098;0.7195160726485;0.103219094573894;-1.53215959463548;0.992312176994612;1.44483081874371;1.64167339398936;0.136204840415594;0.329441129938026;0.190726783076535;0.532581619368497;-0.780160567343488;-1.05755319501253;-1.05254272341752;-0.947385819494076;-0.791204531471988;-1.61423138593821;1.27727566426714;1.37406875519087;1.35621750106563;-0.0801619404371129;0.523326907007627;-0.748607394827354;-0.637209080636315;1.79121234561175;1.03883318542148;-1.09825544396558;-0.319526046026152;1.28994710056073;1.83770855761234;-0.826006185117856;1.55547595832221;1.50683027214261;-1.37031550450683;-0.607903230902295;0.24696133105536;-0.800108768959778;-1.01381266255251;-0.677838334206906;0.698785531694235
0.488081800370887;-0.902727478316947;0.555544482358167;1.49236908754374;0.17950673899832;1.67154351177732;-1.36696281611167;0.114476940502571;1.69172179185222;-0.507196276011191;-1.17442409910506;0.873490039250695;-0.346616427558547;-0.966734539784426;-1.46248657769367;0.539501018391294;-0.185294615638602;-0.884314679673031;-1.44058125972113;1.70714358134623;0.847308686794744;0.288351430394476;0.643552984426652;0.302998073680302;-0.618897827128222;0.769244772214954;-0.445039319134204;-1.29512813966851;1.32471317235693;0.604548151782819;-1.58701251931052;1.17507250668864;0.282505788982196;-0.94689255918159;-0.82511101790915;-0.814079868678357;1.65475349693209;-0.503884148087884;0.915986803573138;-1.59071909288135;0.725055984270925;0.538138021098742;-0.291063687195372;0.106508079093938;1.29991252151385;0.0406460512843344;0.20099377954368;0.774383115275226;-1.49363513144684;0.584143560988273;-1.2172799300507;-1.52406960003601;-1.17308579558275;-0.65067827454109;1.53153387477798;-1.39583551050746;0.205550941425075;-1.34301947180601;0.515701034188089;1.16209337095204;0.521016950427649;1.67999672772551;0.541595172314313;-0.508392240414468;-0.515749637184539;-0.597665201625031;-1.00458163021537;-0.995289748860829;1.6102078822934;1.10342469515336;0.636578925627874;-1.27697634803459;-0.0484700790774952
-1.56762206289752;-0.744307373256926;-1.41023988329848;-1.14280038552036;-1.18473082371212;0.609884852020554;0.943753743754576;-1.15384863439441;0.389686347427943;-1.51975494333919;-0.983318566082966;0.0867171748285512;1.53416238958496;0.607584444564927;-0.792703321299789;-0.856250044533918;-1.15140080771895;0.587404270183519;1.25045655139877;0.587449424425077;1.35289985591605;-0.493365651428333;0.651422897816979;1.59303073571804;-1.50112873694034;-1.10040246394787;0.161680586234808;-0.681822640083704;-0.532334650415236;0.769302531209111;-0.973652103022757;1.54456088292958;-1.65712475752675;0.136168205283589;-1.44668604329582;1.55963812359314;1.07247932971213;1.22070812659214;-0.465249859734852;-0.479709266906241;1.02585008919001;0.45048211883659;1.58517822615118;1.3289162989826;-0.334105797667368;0.869422777106409;-0.585303469631795;0.260209138946912;1.25780399275653;1.33054615391902;0.891497678811136;-1.34883052047761;0.83877054245861;-0.391916198369947;0.0583885772661833;0.522195592579636;0.200721732974917;-1.40681861496769;-1.35787321576144;1.51212364428457;-1.26799730139568;-0.090625183343142;0.974938020069645;1.21683582026765;1.05034916373239;-0.931427444963723;0.0276403651738823;-0.318207382880052;0.33806892067932;-0.755889440844105;-0.332277370197223;-0.775656930262276;-0.663547437263051
0.0342468010031509;1.20637446593988;-0.813788663817004;-0.473967226657581;0.961421775081954;0.236045096532686;-0.773131715635776;1.12779632721979;1.55457654705783;-0.331645241398989;-0.253018439566097;1.53032990456671;-1.35395015936203;-1.0152352264383;0.359302231112758;-1.65863793376813;-0.361617259045411;-0.346101626390903;0.801739502479873;0.903456249645921;-0.370317255471863;-0.930715585885394;-0.594484764848182;1.11821009067439;-1.3609537156153;-1.45292929983914;-1.12636239268745;-0.875910107903432;1.38187756976604;1.57575189158907;0.324723430886222;-0.0347459940872021;-0.0303087580148563;0.953441174719352;-0.893302298411966;0.0675640583900789;-0.844775280182698;-0.709422196567825;0.919679719452646;-0.00188336193839959;1.05743845848574;-1.29699542550579;-1.17819110956146;-1.47958466052819;-0.466532234106622;1.3917897473906;0.711658890717433;-1.65740426728104;1.34447582223967;-0.385752008932955;-1.01041162023236;1.24714624149347;0.533299545690509;-0.0226636078880091;1.36596709613211;-0.773361485748357;0.0625353581511616;-0.276478805820901;-0.851337383679179;0.676027202284199;-0.375916383416764;-1.63554548036925;1.40143870612424;1.63434460413925;0.999151276385286;1.4372475031916;-0.177685210055333;-0.651871385410882;1.53358702064416;-1.44658569991422;0.841657295085062;-1.39051893511449;0.389738602826949
-0.67793294426628;1.63895443263403;-0.560906119834642;-1.2068346188226;-0.600447473932648;0.0649194625492257;-0.832493470481397;-0.273151933250573;-0.937160187496637;-0.326216140775837;0.238847067279183;1.01728101129818;0.908159746949721;1.24517607020734;1.7781224367454;1.39307678024186;1.67132814032416;-1.43740396890822;1.24493742891212;-1.3072235529876;-1.21047033618668;-1.0864771746497;1.11886830408191;-0.780844754027236;-0.889356497958569;-0.571909577015477;-0.0251204898516013;0.0504000437584843;-0.145455404672665;-1.24927152818307;1.21214106517072;0.618114546217938;-1.08070046096675;-0.626783086878546;-0.0461031272961316;0.335862348987632;0.628745203495566;-0.759849141539712;-0.571290040881158;1.6685165313204;-1.20834614745565;-0.315148711658248;-0.65154931178793;0.767166155942357;-0.137274128307524;-0.694212237590015;-1.18916617077416;-1.10954860764936;0.0492672532187139;-0.0166428781132371;1.78349852925549;-1.16952274172875;1.55185716227061;-1.24638310445994;0.349906374407101;-1.03364208266702;-0.922100184498313;-1.22224767885784;1.46791492999403;1.7568551539409;-1.3521463606496;0.902499536618186;1.65769652228016;-1.13007497236399;0.247035844911507;1.40612557191931;0.655795159214502;0.0927565207778363;-0.150907115546957;7.37747073350785E-05;-0.677854736304131;0.988990968813442;0.919279122831007
1.20240189609836;1.52590666850417;0.732398324448569;1.19109496976286;-1.24085648741448;0.983221311688977;1.42999467523855;-0.97628093601511;-0.510831512705502;-1.59013356644978;1.49608189515652;-1.39717098630594;0.78162226994098;0.694118961457162;-1.42619028176353;0.651330428085461;-0.607363519593766;-0.337936784430761;0.252907519389352;-0.595132435966486;-0.695143531552455;1.41826585872393;-0.478645036334334;-0.34115328731534;-1.11450047535426;-1.07304918912484;0.0867092122667512;0.279388627574831;0.347222357083869;0.669311868340252;-1.54225004112948;-0.932487700707206;-0.799683356799342;-0.456682475363881;-1.40191951005112;-1.29766782705913;1.08624570896981;-0.750899318425597;-1.42349890258781;-0.730936013322283;1.50253667938054;0.981005644405998;0.633696965431951;0.743652007073985;-1.59015029710683;-1.47439254908605;0.934530438202892;-1.03883096589963;0.333913753555488;0.911111664681507;-1.28864159490297;-1.4076439897893;0.541763965050284;-0.165176518348865;-0.134620294990207;1.40855562675463;0.413289523573104;-0.517710569501489;0.714333263851723;1.45661229109056;-0.694750081843172;-0.440656133601682;0.300916296281221;0.444276208334445;1.5765360640599;0.837307414598325;1.0269319598736;-0.352957435960537;0.504776290242884;1.4958971346758;1.18950430849585;-1.44772638243357;-0.505700063108353
-0.643016502817105;-0.500599678705273;-0.0531678858303246;-0.854541037858975;0.428583638573436;-0.361563398109997;-1.30532377198982;-0.404972171256573;-0.492609420741354;1.66814132934739;1.12746529552144;0.390974328808211;1.58313763519079;0.161140754224139;1.05250673369464;1.38415812304596;-1.25722361591678;-0.0901158034628447;0.0152160781192013;0.170714262650514;-1.33114037017626;1.68760787863474;0.375306305559151;-0.965443194185743;-1.48627437410385;0.841934786176321;-0.850661180308895;-0.929068748827361;-0.320706406907577;0.0875217074077919;0.492604928032536;1.43051213198111;-1.51847516932984;0.768629638718342;-0.467513627429299;-1.3603282818359;1.63803204573536;0.66408635601957;-1.67548584595604;1.53978779476642;0.377971194079141;0.265528313518646;1.48291125664858;-0.408125773644906;0.919708946743843;-1.60498502472844;-1.59528571464162;-0.957959661946791;-1.64804441522268;-0.0310528179586845;0.107432088742496;-0.00762827603054417;-0.438187694275676;0.0203239923826973;-0.891243943696316;-0.604606134325324;0.850112262862102;-0.775063976411501;-1.05560594852205;1.31266709952364;-1.19824150256802;1.34976322396406;1.64175248277753;1.14588711897738;-0.511802883452063;1.42297141066686;0.222110213371129;-0.872831288294474;-1.05868490311348;0.725495730763619;1.47214432443713;-0.195291724809825;-0.101969242273729
0.230694704528617;1.44451761747079;0.164261873486182;-1.32108781029236;-0.78781940217488;-0.101557529989288;-1.4003184872736;0.736042852950642;-1.41083408488008;-0.847211941931677;1.3685942679645;1.61714570736726;-1.04876939485907;0.212186726072697;0.21758500667455;0.019766446240217;-1.38338076018283;-0.401290382181456;0.713813659668737;0.074885645049313;-1.11790355796952;1.01321928315802;0.7400464988985;0.367387660623278;-1.19915630815367;-1.41417095178065;1.17176709365448;-0.0480617371079829;0.969795454598584;-1.41689091350279;-0.551576430252052;0.250390033444574;-1.23076190448039;-1.4227736222309;1.04610907338968;0.254775908048227;0.695078999916729;-0.700647338628553;0.106515972534791;1.06795095294039;-1.03698469014538;-0.991131025970171;-1.15789880519675;0.626305519798416;-1.32045091045684;1.11928361010808;-0.887453381795567;-0.365636397980496;-1.47755291772809;0.856540533719492;-1.05675948068745;-0.394839362087321;-0.82195357714257;1.42573152698498;-0.44068323544195;0.852967295759334;-0.805231784146477;1.43236608725164;1.51356037225005;-0.88335135311299;0.362167250744971;0.283235124223117;1.4017392727408;-1.50364607409606;1.33985636270911;-0.391498668198836;1.33820470912889;-1.13569867534694;0.801569527071755;1.59830097301506;0.960179320712228;0.952758452834461;1.12768551967249
1.46440295909424;-0.359472316091674;1.71135873580363;0.791046129007354;-1.44360606228629;0.266124554140434;-0.669154931460957;1.27695220356822;0.102727149543415;-0.0144834878220868;-1.44413400199348;1.45789233106889;1.67881228814372;-0.402404883661125;-1.0363370200809;0.782341926070309;-1.35736364827868;-0.415803733557571;1.04823884263464;-0.555941495973428;-0.491987785133318;-0.800549637407659;0.415077381868571;-0.749998648454543;-1.19160881707461;1.07402033421295;0.840058749390247;1.61127013450016;-1.29751210621233;0.581275800972586;-1.49183191455189;1.73648581325546;-0.333614506211571;0.195340581977964;-0.435486219612745;0.413544945366037;-0.268319276319084;-1.35909029040083;-0.925516856542665;-0.204845693897774;0.818624228972523;-0.314723614740133;-1.20386142414209;-1.1723841453826;1.47214707063617;-1.16940651465594;1.69818798814743;-1.51733536730191;0.995341032892466;-0.0942043116486923;0.733492999894246;0.657315354442549;-1.49983299327593;0.0962870541051417;0.222333101436631;0.697804998226631;1.07450499798305;0.894209785982905;0.415507347806696;-0.66857170055595;1.27512050069348;-0.431370370017818;1.00731671150528;1.37050604451412;-0.0897991715454631;-1.33156511930564;0.224359239005196;-0.0836758921095179;-1.53406626232365;0.399172730496362;-0.516486395885876;-1.56542095615312;-1.05743447529017
-0.567143682114865;0.274743451880344;1.55302659926846;-1.47439230385593;-0.210150516537797;-0.630164103328902;1.71857634893733;1.07589601395551;0.611857815419095;-1.24739424358286;0.457584713074604;1.57976766663233;-0.55222827489145;1.55023011985037;1.28330163590283;1.71346213715728;0.53233698389903;1.03661509678887;0.501121586491087;-0.15234532220106;1.46795625031236;0.162214036410979;-0.570442613007838;0.330821498144821;-1.00620898934871;0.586472833743161;1.08836339518749;0.254244795512056;-0.00259941905951642;-1.88712027292901;-1.26849159914466;-1.45413891697398;0.549422246431034;-0.0742528462281753;0.47630878026379;1.33849807548334;0.194786321146582;0.0825733631488573;-0.779489658528557;-0.551965866959209;0.235476497171707;-0.279245806044964;-1.38731350601334;-1.34997382397873;-1.51895757234222;1.3938768897996;-1.68046582646664;-1.46141605463449;0.466674463452679;-0.29235566585008;-0.659720582055809;0.899998311488117;0.4579004826986;-0.00851369955416102;-1.08647023366107;1.0129226245365;-1.05979672652306;-0.6827776902876;1.27409702855513;0.945656992781387;0.0237528445459512;-0.440651237985974;-0.826487358396219;0.593995296936862;-1.88388543584945;0.00674083863734448;-0.874637371209945;1.26430491439907;-0.83106145182467;1.68708390348183;-0.386306975400548;-1.45521917066107;-0.0888780360938173
-0.618938176027084;1.64052024665371;0.0918830177549509;-0.110549308817159;-0.899078622621004;0.196928950131116;-0.420176841671222;0.624129121864246;0.913777584640228;1.82013389825945;-1.40064194266233;0.780734640078812;-0.183006607640906;0.079616390900378;-1.12600744695908;-0.660791940513194;1.48814695797534;0.758646864512811;-0.798686278239734;0.817474162837376;0.271007446417663;1.44810087870768;-1.00497090872322;-1.13695924312907;0.00867974769456005;-1.15061002091956;0.475256191071077;0.625742645678187;-0.97797168134098;1.39214996034654;0.787893138731618;-1.60115969384421;-0.88272692740512;-0.684694774053199;-0.356051114914559;0.64189902287658;1.08663446493792;-0.296059055135801;-1.63013721468693;1.39499752064506;0.281029068335889;-1.0996221288782;1.40168484995302;0.0197467477356878;-0.889649021320808;-1.61635346118848;0.54491596310871;-1.51662425260079;-1.21359244878479;0.511616367380953;-0.0480732791629604;-0.474867613661871;-1.04082963503852;-0.0165810068859802;1.92911320355129;-0.0293625352311143;0.948118845154461;-0.468530049338457;1.91844746299193;-1.44584091192392;1.75934927856369;0.991757032154241;-0.0952715070172491;1.55930414379734;-0.665131550694647;-1.4968545590406;-0.0339107427385443;-1.19568414381018;-1.26170480440754;0.269770049667995;0.290250114052531;0.0868337028886682;0.691411768977263
-0.490582578775822;-1.48138212181305;-0.658918985704761;-1.96452566077526;0.661958114127559;1.4284419932424;-0.408090044223851;0.000575490112705019;-0.0463974760406673;-0.196799370582749;0.203619737536757;-0.590303200299703;-0.765272115516181;1.11982047998211;0.818301717061726;-0.904803482592773;1.35017900146991;1.3703601470026;-0.476976995497824;-0.511112712535377;1.49057048720225;1.31304503841941;0.971535855335248;0.682038966186461;1.51687265047956;-1.33503459172035;-1.41161595212081;0.112069793099922;-0.294147006949459;1.42093968609087;0.209757810968048;-1.79203370764187;1.5392658256289;0.522385508849388;0.799887709406616;-0.882022785299914;0.213868829929391;-0.411481178079453;1.6083482605201;-0.554878808325923;-0.047475984995977;-0.09059071680764;-0.566031207336162;-1.17243591944916;1.03795723613346;-0.219359731245423;1.44499629827929;-1.26013254767312;0.483773824712524;1.0614300057247;-1.25864546533665;0.231129088803322;-1.58390815514305;-1.75033059198341;0.526635869649791;-0.131350422863544;-0.780640782816611;0.331319242440466;-1.80912111692313;-0.0132967799015359;0.829768459613766;1.15211735700791;-1.71556698868728;0.204940032200151;1.26572001278089;-0.0146360405708131;-0.457291831596912;0.384619569966118;-1.69035671517395;-0.309964983387802;0.553604881809524;-0.248629306200079;1.43428908081418
-1.88588703748631;1.05790933886615;-0.477020465255532;-0.197812135580462;0.0504500460306065;1.15886392794401;-0.331686532947615;-1.11303356210261;1.35046189825441;1.1440693874553;0.22197586023712;0.55243113220822;1.47240401077431;1.29737642981383;1.12413850796343;1.48844986941844;-1.0861335003491;1.39741732781206;1.38235788704633;-0.649018044184946;-0.439078694081008;0.194730987442664;0.368164988148326;-0.435956637652776;0.769873007288729;-0.792625651990894;-0.972398500678116;-1.73590538830536;-0.965103788366538;-1.55568774449681;-1.21499895275443;-1.48295951535243;0.54583822096909;0.364822295596967;-1.63229947573121;-1.28073770131956;-1.06314752155555;1.49230477225572;0.635522538033894;0.569246372625957;0.0537592262685161;-0.933163567563737;0.844798944763185;1.35329938769836;-0.412223499163025;1.05723557454356;1.13143407045791;0.106501847606724;-0.135120733420405;0.289613919006212;0.919513128838302;-0.270323667728914;0.554080270067278;-1.61773458748295;-0.250429535745529;-0.588184683804494;-1.26915288091961;1.45136951352172;0.524748198255286;-1.11582153361593;0.172365196984691;-0.554678376279684;1.3445035673884;0.947252411113787;0.400171108572296;-0.253961856047883;-1.9523043203983;-0.851315516460093;0.9707786739076;0.445978977645551;0.592700159336552;-1.08600493148034;-1.19700244185927
-1.16521914462043;0.792176198939886;-1.4878644782858;0.845483389439922;0.506616316346991;1.47892267217176;1.21230291666192;-0.442959158613866;0.411786788232747;-0.116017208771453;0.233975147423196;-1.00035185786241;0.547534355251841;-0.557220745068357;0.200560319860618;-1.36532313367276;0.44696691427149;1.49120878762606;-1.04011397956627;-1.00902222753941;-0.216344293312417;-1.58617074960969;-1.37221465569909;-0.800577510668625;1.39930942616114;-1.02361418136584;1.34286822187635;1.05612314084701;0.0176860355224023;0.628844767025452;0.915233936791447;1.19640089126686;0.0407127698283902;-1.05036370090297;-0.268406289319217;-0.931772477034711;-0.759396249467023;0.0561483353090803;-0.293676954492696;1.48539774400076;0.814885595520131;0.810969092526825;1.25902167152235;1.05153530031247;-0.868211578138827;-0.0356417160449964;1.35366399965152;-1.69361236980304;-0.678521327601658;-1.4896393746357;-1.4591673689375;0.456317031210091;-0.354453502903304;1.40718697083295;0.502252490673076;-1.56660211051922;0.176837139130495;0.815638046065769;0.949098976961731;-0.457323217795649;-1.85149926521307;-1.83137393969357;1.04227981954668;1.28586703489024;0.471673868120046;0.540499269839282;0.461860385992151;-0.389655659353669;1.21411055793381;-0.85522091861315;0.896998129477212;-1.59673513654607;-0.202667973389721
-0.669515838539027;0.0913841528327067;0.955302811165796;-1.01621436721451;-0.55915366980119;-1.64268691755558;-0.159810967726271;-0.508754330278505;1.57707182811384;0.165210955879296;-0.0813199846796302;0.548443510556058;-1.21833478962794;-0.0341121462750282;0.587477801717792;0.385604010940251;-0.308124171940697;0.867135825621907;0.361291239738549;1.10102122980388;-1.53856024589957;1.90287795511019;1.15387121836375;1.81857967691504;2.04032544162083;-1.08716862993548;0.54167152228506;1.52989112371945;0.174619330625821;-1.08402964290161;-1.5244037155074;-0.518904657061902;-1.56684276704076;-1.00135792460939;-0.991436561418981;0.158189059020225;-1.6871446650609;1.82614527989889;-0.525606031332043;1.25071641588906;-0.0874191453908921;-1.26376182398215;-1.07611616826312;0.357570922444641;-0.064854101999236;-0.430443595466811;0.453329959272862;-0.656250499884038;-1.36312550116331;1.7007430446548;0.348303107617596;0.714298698133914;-0.665025506228799;-0.323770037439257;0.0422215375326411;-0.502954151351598;1.00695257676658;1.20616277654838;-0.987100166537718;-1.18802212169102;-0.114918797543018;0.379737550851902;1.3860659813933;0.945064389190134;-0.0264224104386226;-1.27845240944304;0.399249195771502;1.85246277727907;-0.758712666681364;-1.28674833912775;0.356711594175832;-0.0648298095419649;-0.323295224871367
1.18554802881401;-0.517477387058979;1.79852421474037;1.26826786352668;-0.908564381706942;0.175649625264983;0.76140760591846;0.536223060862986;-0.508021202864919;1.18252125595183;0.550559332592012;0.644098422276307;-0.160105750651464;-1.55699778408163;0.832850189054232;1.03180772118749;1.58541407082362;1.22610049111793;-0.812952849428821;1.10296430146847;-1.04208904381253;-0.340758402145819;1.6066825148546;-0.570127073067078;0.0568319547827021;-1.3197641023373;-0.492387015952286;1.24512000355737;0.677209197010194;-1.60053922190085;1.99641261815171;-0.362304148609746;-1.29070277185315;-0.667918744007405;0.232499517712445;-1.49944693192512;0.32487107723774;0.311415798376019;0.218789046986702;-0.666749735356837;0.335430205594061;0.360232367535717;-1.30061274220383;1.27748365659455;-0.862239364429443;-1.39559574503763;-1.56026946265544;-1.4120451257897;1.64661397026524;-0.878343456748629;-0.260802089685361;-0.428106152801146;-0.525317258251338;0.913667127765081;-0.974361737703683;-0.176419797563507;-0.0515752311234342;0.665925059284104;-0.491290319779365;-1.29152650789298;-1.03468958730607;1.58887227315124;1.93159853464294;-0.610208209487407;1.25869330859027;-0.789862747321581;0.232074965606121;-1.1949132351674;0.283087368996071;0.629570892456011;-0.995789584573587;-0.428727956075741;-0.695414784392109
1.69857792700031;-0.754736027203563;0.621669595654755;-0.589854046185671;-1.13053412705834;-1.16232956619789;-0.16755595843618;-1.20657375411969;-0.624315494050187;1.47970933260435;-0.0791438062473293;0.67532499718458;0.665847213541499;-1.27301021201482;-0.0659509103389561;-1.15004342024262;-1.06218736025679;0.582617950348754;1.53152636541847;-0.724581985258006;-0.117926943770666;-1.09732029762926;0.749308374614913;0.47674239712428;1.2320175377925;-1.39665676179733;1.76187162300579;0.428470803470582;1.51069131298488;0.370633768895489;-0.540824406002131;-1.31207616819029;-1.26879835658359;-1.18359449635105;-0.277993494307352;0.172316847602372;0.413935379199287;-0.927129731608801;-0.27941661569949;0.367513593913673;1.61731271797933;-1.26642484273847;1.60819957287887;1.75343393737959;0.369428109416898;0.672479847120722;-0.952464979001466;-0.769896820645172;-1.10081791180819;-1.24012568631805;-0.0608469805666418;-1.40860145296924;-0.514292133882977;-1.00871323275468;1.39268160594005;1.38313192732228;0.319877891197512;-1.26783909877682;0.00205070903782005;-1.1466436625683;-1.10027889618769;1.22789553110923;-0.89334277408858;0.828973030070312;0.607767441299193;-0.179833935364329;0.531357056460882;0.436675412585258;0.82890557530852;1.58565453507466;0.25994349357408;1.68886466436799;-0.550731731259049
-0.439829319040705;-0.730210519277311;-0.456563759191645;-1.1224189363661;0.712715780222416;-1.57959102140294;-1.09181998405038;1.31666391495801;1.03544064415513;-0.0458403639211162;1.27170780883646;-1.22994301493417;-0.75935105478336;0.935277064589397;1.51524252773912;-0.983015786327139;0.00407155571227775;1.63661171602744;0.118631749120388;0.793552065386806;-0.759944288385891;-0.112170583346781;-1.27531304095618;1.39336330470091;-0.854862191509976;-0.459617728346044;-1.10290336103318;-1.54312495518797;0.297436338204173;0.0712935674118692;-1.10187426415388;0.177787841931525;-0.0914781079127847;0.870468260174533;1.509360364956;1.26645582477145;0.0918559139749004;0.747410747082158;1.25655635780517;-1.65477136962217;-0.772831187208521;-0.929191247924544;-0.597958645349287;-0.496606789200961;-0.611023193181642;0.257215516125633;-0.451970198341709;0.495002720495761;0.682132382375843;-0.412846416650365;-0.976871811655714;1.6979351569948;1.78599476661024;-0.838794980861672;1.79017135291428;1.46811326004353;-1.15023837267326;-0.0541550681550991;1.52821525088133;-0.52300738578367;1.3190843353677;-1.24403592321454;-0.676113317598289;-0.731193817608865;-0.639306994119364;-0.601420927447193;0.65730708871607;0.165952680779563;1.22168869537085;-1.44655419138446;0.720900295435417;1.05243280436758;-1.31528553612986
0.0267120465090081;-0.173370518786644;-1.5236883350663;-1.21775462454289;0.934249262710063;0.249955099937122;0.612049189208633;1.6794695640882;0.142501076986105;-0.463827441068459;-1.00078281948362;-0.67422274831976;-1.01912610355462;0.132545418331354;-0.964989726339072;0.797977270230345;-1.64739887428992;0.648446238757948;-1.54614566756099;0.932221323752299;0.0326662268783019;-1.18734004166215;-1.23184925869672;1.4422636137036;-1.55849335602285;-1.54934549958652;1.67758033216745;1.30017644484824;1.08964473393797;0.984526323744215;0.370089841162277;0.591106319915547;-0.274441156881566;1.22498294387582;-0.036564590394724;1.0008103564285;1.51787241876345;0.90067288339415;-0.407816250827256;1.33583112005643;-0.871042976143115;-0.546824273039209;-0.603617736654144;0.899606087841201;-1.38867179202806;1.60565800037806;-1.3347555759587;0.924313993507394;-0.13572781622289;1.0005408187761;1.09215033316601;-0.40839940926815;0.506890303352163;-1.65105393771708;0.334250403925982;-0.473211687567572;-0.628785035828661;-1.27909112581403;-1.34652504425877;0.796330986557845;0.259235590725541;0.998733567316256;-1.0974389455885;0.844835576197754;0.852943540725128;0.0949716835566987;1.28707923151767;-0.557248224474581;-1.51815376701266;-0.278939259811706;0.966965674422761;-0.861210934728208;-0.63100128615353
-1.01813484566862;0.292619632444889;-0.930816272906921;1.27948506882119;-0.26782063010883;1.32000698932029;-1.30023150359113;1.64851552952945;-0.757088415190006;-0.0746389750667101;-1.42106745764689;1.75545190951307;-0.731872467685692;-1.42595400665392;-0.133914084407194;-0.619660169518064;-1.07362023534149;0.11899867630765;1.28604450809344;0.736430686253548;0.6592314411824;-0.433848498530414;-0.00621407883149215;-0.959684127407206;0.414992820755107;-1.46349710726058;0.379812374333284;-1.19165596395811;1.08575352808759;0.931646603415696;-1.36697486878074;-1.4765808964772;0.442675157360928;-1.28760635587565;0.191389558789483;0.0964796402909338;-0.0685212460155356;0.287131241539805;1.67890654736788;-0.559047606859907;-1.37941738674665;1.18729292314529;-0.317243204688311;-0.260398850065854;-1.00956410886624;1.12884774026108;0.251084869860657;0.187403834305064;0.0871423087217556;-1.27092982725351;1.59558298388478;1.64183642149648;1.72035151871976;0.442293506925035;0.749638837677841;1.27875985586841;-1.21131305916379;-1.48127891593989;-0.645654522374089;-0.314470293288418;-0.569952155453169;1.75447066337361;-0.947384768998308;0.17431118440092;-0.21781087672614;-1.45463333160986;-0.197370018288033;-0.95441288225021;0.245702637563223;1.63265247830849;1.31190727950409;0.50229472612533;0.303138331946388
0.219393037143721;0.486759328690338;1.20691265234384;1.61321771002507;-1.35159731059527;-1.55334435387913;1.02344521270583;0.0352465256850446;-1.41260014858436;0.465574536981384;0.724579529499831;1.07273880815612;-1.24277998337359;-1.42854596944531;-1.60222300201257;-0.283377183349155;0.654605974383193;-0.311179782779879;-0.207528896944494;-0.681491905855907;0.365821346571154;-1.59183184284121;-1.36629087369392;0.505353214778467;1.24296270312458;1.68630838782843;-1.16310259276118;-0.292985391944933;-0.412194072225547;1.67079424600597;0.202201677888052;-0.822138684974048;-0.52299878580407;-0.280661305557039;-0.234537971947191;1.56700114131228;1.15034540973514;1.26653716222014;-1.55850990648482;1.70761412039834;-0.0440124586562773;1.27122427320797;-0.864175534057534;-0.447027473859309;-0.0430995801431504;0.716394281935155;-0.686262971712088;1.60912773707357;-0.306634999227394;0.957917006289833;1.20502480010928;0.209433735387415;-0.210946854031728;-0.536460641671592;1.55052606943276;0.208625005520698;0.250450327920018;-0.901040436898866;-1.23234486756375;-1.30954250752293;1.33812142978282;-0.286169269813478;-1.15515927655365;-1.35503120368956;-1.33922701537091;-0.0558816599903579;-0.00686228050404264;0.766244513084226;0.534355193402655;-1.44086095242408;0.294640597816483;1.11643200306382;-0.355269750759296