1.57627989836069;-1.46458645358893;0.896325998228541;-1.06862302811772;-0.556358818546548;-1.71322043395038;-0.631453826533251;0.0815979764454685;0.00398724607431815;1.8342906336935;-0.0889201073368646;0.149612317402119;-1.73076652649996;-0.505261527269074;0.438990476014527;0.887929546288712;1.22488000577606;1.01986571929236;-0.681044805252951;-1.49552665187;-0.513070394008963;0.559349999724834;-0.271252304450934;-1.07636263596602;0.280151311897641;0.387152504288899;-1.57182040441739;-1.32873574486053;1.58075242496444;-1.80086713090894;-1.89121620629688;1.30098920086388;-0.506759963672721;0.464782612248082;0.975291113840461;-0.724109406173557;1.37277939410454;-0.764890673212197;1.22847781235251;-0.564442529233028;0.891755058801831;0.155855270477644;1.05166819041275;-1.07671669398008;1.33734598000085;1.30825693979738;0.738681105570653;0.972865075209461;-0.541234219400298;-0.988510235284363;0.677859074599889;0.208346766045371;0.450241853808558;0.693684779418691;0.0817731566222777;-1.31439541612681;0.705887115851002;-0.0842533697020374;0.608953442620292;1.23305713542567;1.23208052400749;-0.96659145495536;-0.101974975169544;-0.341425605194137;1.48227146508745;0.593651421099963;-1.39510238399403;-0.292363279214878;0.263047961396762;-0.68797195712131;0.643318239027669;0.415651413671042;-2.00925481806307
-1.50007038419623;-0.727811607953376;1.45193421388111;1.08954608563415;-1.00492685404286;-0.904670149131116;0.278898755509632;1.46174638758855;-0.768609237771178;1.14348544227088;0.553866296854098;-0.525493745342713;-0.0223738450581077;-1.1372519793439;0.74185206439674;1.76015638090595;0.312147770616955;0.251939852843827;-0.253531589424556;0.502743605154591;1.79442630278533;-0.172886891020111;0.415751857230701;1.80813969732636;-0.260066203655681;-0.650519376965305;-0.875697838330694;0.970644051313335;-0.748312049464092;-1.22872968467258;-1.58994916590049;0.200320460452993;-1.13751292306172;0.0712040338261585;0.346334595639286;-0.207642392454554;0.920643982149626;-0.498034311458422;-0.0842192495481228;-0.686765013910391;-1.62363551733829;1.80508168537557;0.138234925293049;-0.0847333843167529;1.48124914164935;-1.23657732406984;-0.146507726945675;-0.0263842083583165;-0.18205218675409;-0.511377663947458;-1.69232489767549;0.64546328396969;-0.540730326875521;1.48312280744834;-1.66358874271925;0.175151282131763;0.826496106731449;1.45547895543462;-0.198375417413396;1.80689733849498;1.47544202516941;0.775931631098871;0.235558804201;-1.25948258334276;0.762880364912242;-0.889345283654009;-1.43610112041681;1.40047596684556;0.298966703609547;-0.814890479154111;-1.09612045712123;-0.958589037524818;-1.26442256194885
-1.16390794102558;0.442348396813509;-1.25788036745282;1.39686184630799;-0.9897358772552;-1.30941676789409;-0.766708431095203;1.14828109990105;1.0168686754601;-0.121479406714228;1.49412771507514;-1.02026567125651;-0.0242413269564752;-0.863662643148159;-0.457160984476165;0.100133072428242;1.70383795417223;0.95712235408196;1.37761474666749;-1.52557711612249;0.167117107253083;-0.489264668570003;-0.522303272061032;-0.4438344907292;-0.134260827257272;0.766836724906382;0.910452740584775;-1.36047872379338;0.283274652208657;1.44524546313859;-1.03959920352557;-0.922987514739565;1.39595349180535;-0.10035205917045;-1.1262600719046;-0.723541056306003;1.83389491995009;0.737985830915715;0.241209786024811;1.52029124012389;-1.0010346968162;-1.17111763818293;-0.813075202263692;-0.501916014602189;1.1524626985808;1.97480661416817;-0.825066728424483;-1.5480941587142;0.938110854345546;-0.25964938172357;0.642110510043619;0.427624904433413;-0.455493685637496;-0.809285494221971;0.948757771133983;1.17806851478629;-0.429856260662991;0.911433806071186;-0.0164996701731145;-0.197772606202669;-0.458757287108684;-1.0470914383102;-0.667316047546648;1.64296339978047;-0.626506523149563;0.798876501054675;-0.344643868571798;1.92722218943604;-1.62257409556242;-1.41652396449178;0.162701868065225;-0.460631842949961;-0.862759429785699
-1.49563096152122;1.42815886686949;-0.342429908746057;-0.937661627151592;-1.81436344101628;0.309370641019652;-0.221286418546656;0.0181651851337769;0.535554389095555;-0.462886251546873;-1.1388327399796;-0.770092246034064;0.667339871163932;1.14950759988991;0.60557966050756;1.24512117292989;-0.566531034768693;1.6202435526042;-0.895929020458608;-1.09676626388076;-1.39151191337386;0.100682279023736;1.90526365674928;1.46260558905847;-0.819033257868814;-1.35338720406716;-1.22229035800132;0.598743774740551;-0.503447780943236;-1.54833956331432;0.792045021627685;1.27993507367509;-0.655750171379794;-0.329323411081339;-0.362050828481825;-0.279510878292768;-0.305219365233911;0.640782625363511;-0.497085577975779;-1.16998999540504;-1.24787565182997;1.90070820239145;0.627929045905634;1.61543040080414;-1.46425735697143;0.781155844342884;0.574408914008824;1.10202124127551;0.903774243790044;-1.10616501406378;0.726370951027143;-1.48932845710728;-0.524487570934476;-1.0969429759881;-1.42451777967693;0.137909141880022;1.38112975391642;0.0198172293916763;1.51935989214084;1.69579048811802;0.180772330666116;1.11485153008629;-1.02457647148415;0.513032212179632;0.530296468920679;-0.433853236424762;1.38668040376104;-0.716202885460076;0.141824853249875;-0.493988595454634;-0.281372904742877;0.486783423716124;0.669340303566651
-1.34399001978104;-1.26285907280184;-1.00296776467278;1.26898509042627;-1.42383319503601;0.992139089936299;-0.101421478970976;0.0184056778117531;-0.539499220794683;1.73581062829826;-1.51155488971279;-0.462167111347645;0.70385167567434;0.0781601845632106;-0.699203823957775;-0.74086125945785;1.60869984413315;-0.114030208360584;1.46110222018161;0.955465254139961;-0.460606477836446;0.82544166830727;-0.637738639858886;1.10362238982993;-1.0389010442945;-0.677787519364358;1.0199490831028;1.30859635591749;-0.498725062462048;-0.743349993992936;-0.107057449173514;1.04977778423799;-1.53938043813176;-0.387651761413423;-1.19257164115159;-1.51966166145427;1.6444707867633;0.610623688893989;0.93147365415176;0.913987576474827;0.199297915822939;0.0339822416760135;-1.17365464646062;1.06760752267756;-1.33142051826318;-0.942653195724028;1.59866336736075;1.17588036478452;0.83777859921452;-1.77654303733617;0.486547277889775;1.16081560195546;0.50073874054431;1.07644251994939;-0.483920043602447;-0.364443523550777;1.1384767647678;-0.72335858502641;0.885435304555907;1.086905559868;1.79565236577473;0.329194722428324;-1.37488976701781;-1.44230384438673;0.209420702141088;-0.605243469030176;-0.427774389750384;-0.590388855542489;-0.57605518624049;-1.08958638288114;-0.906560145851077;-0.929994687124525;0.91238748296255
-1.58491197668724;-0.736624903423847;0.917063515044297;0.119887614364234;0.0166819675725282;0.224535898045366;1.73898332380083;-0.672629814833923;1.26863178256741;-1.79326593178604;-0.862449900987894;-0.337368504298138;0.388801796953329;-1.0244132140189;-1.15807356050007;1.84512301259491;0.645895480082539;-0.908006877894804;0.871308605174416;1.69178898150745;-1.95164951220724;1.19842272229759;0.918967530175604;-0.786171956406722;-1.39856783106358;-0.750976227870941;0.686062861693517;1.66989581207682;-0.000830220684750718;-0.257761760822152;0.100192067862004;0.790995376837538;-0.184275962244133;-1.56390418791592;-0.646710719307315;0.218667627983674;-0.194606699466096;1.18625519223157;-1.3166712007044;0.285394151083303;0.868108097194695;-0.620935178978499;-1.45545486161513;-0.623207959155348;1.40460175427689;-0.331573336919352;1.44309793641323;-1.14112838613427;-1.96282344033749;-0.826499121896286;-0.700353956333796;1.0639713086956;0.268817148946057;-1.32603824268585;0.60730517234356;-0.68477916146488;-0.918022322256801;-0.142075224634946;-0.398554014534906;-1.02963780065445;1.39005220892841;1.178123105782;1.05155167251776;-0.675566736041634;0.00262190580474393;-0.790792708759125;-1.14611228116116;0.0331056823598267;1.16732993675872;0.244737771220819;-0.619076744323267;1.48887874971749;1.70158514174525
-1.27601166364747;-1.72431280916896;0.383715862373558;0.883848735561766;0.0887498489065512;0.0139786767482215;0.767152266835142;-0.298660538085959;0.793573502968133;1.04764122858595;-0.435093399750746;-1.56401484993239;0.58284526896253;-0.984724794646581;-0.960819236668754;-0.0585009477170974;-1.34079570746797;-0.685940684255834;-1.33385882704127;-0.364369901145571;-1.39679832560296;0.888156526804699;1.73613121875111;0.71968981461519;0.477214648558585;1.11025973992378;-0.526286862346322;-0.882145385064761;-0.16278840497052;-0.769535845833695;0.0545029947161377;1.207991045755;0.363764508344525;-1.72702751306335;0.0506020336450136;-0.886443696195651;-1.33501034418418;0.773790009747368;1.3791272540182;1.81455293681754;1.17687755734939;1.51786587561856;-0.746216966713263;-1.49163008559321;-0.410366846497822;-0.202842229741359;1.97239969121895;-0.49208718214805;-1.58116824700868;-1.16999486517021;1.14367290184077;-0.570560876072243;-0.012914704641275;0.0602214893043552;1.08370860751163;-0.102475247671829;-1.28600798432918;1.61408065883763;-1.44920136567938;0.997790881486188;-1.26703988054717;0.0122257374534946;1.8410937410851;0.0723159969746163;-0.417710437087294;-0.216484062035498;0.0724144392090597;0.492393741000488;1.10509167150275;1.72639799037563;-0.354631826742439;-0.600303212991534;-0.177859506945905
-1.37265539371603;0.405280083723297;-0.634676912328484;-0.209941674606466;1.20979766540338;-0.47961180106359;-0.259553471590311;1.43929400198314;-1.05325742077704;-1.07543379213083;-0.739309171739663;0.229841013905286;-1.05594114449647;-0.477323695419076;1.49528088347259;-0.886918411508409;-1.46345219256863;-1.4158239559995;-0.951177043321106;0.410594448915798;-1.06054124187067;1.46069013682723;-0.576155168733294;1.49331079712279;1.94394957187563;0.780143291825938;1.03499012056269;1.24611769995284;-0.563680595910863;0.448576822623599;-0.779053290793677;1.20968446779821;-0.326115052277282;1.29159385035993;-0.831300002157003;1.80140211262671;0.376460017027976;-1.6977947907071;-1.02560577561372;0.156191519031862;0.879040281976022;1.10015171130474;1.4122910898931;-0.611131809365765;0.370720850922471;0.813812858810914;-0.501621229276668;-1.00231414177867;0.330567809060217;-0.284351232010247;0.755879795364338;1.15853169671427;-1.41358975983982;0.200273934855671;-1.03835840533528;-1.22689480478095;-0.939627809783881;-0.797903298231867;-0.0738455405998797;-0.699936575485806;-0.0206214909399543;-0.526649704641735;0.397942061005204;0.677650601747857;-1.57169286789214;-0.1866153991163;-0.831022577489209;-1.19351012083844;1.57239554078261;1.52655751017101;0.365092445374239;1.71948575993419;1.45617083711817
0.386646877435167;1.27500179590643;-0.368973591866461;1.58480765835509;1.71745108834716;-0.482508893782156;-1.16266370104486;-0.166618614044075;0.397238233697504;-1.11199322017483;1.32777174779215;0.824580985233444;-0.474798834358942;0.761861183997115;0.773101131554242;1.06461021666304;-0.830021634252839;0.880800454137706;-0.607479519786739;0.355741054082613;1.78364151487675;-1.28374924473947;-0.250212496617243;-1.14517417588563;-1.1635561190903;-0.808904775489598;-1.4162232893726;0.76375652814927;-1.42176465130615;-0.95686408846798;0.546031683219876;1.04810604252258;0.95478820837654;1.09699647954092;0.0698348975649039;0.817354664895768;0.761864404178188;-0.98470081809709;-0.943297383369587;1.43783464319033;-0.724256740136832;0.905619591580279;1.23265950561891;-1.780944057153;0.795283823038031;1.63868120339836;0.622117784340693;0.971122408129974;-0.732439857819067;-0.439158132140254;0.755996968506037;-1.11775086422156;-0.784711819526393;-0.400438032244582;1.51519265900976;0.149284300136796;-0.209096599620985;-0.81324197958262;0.72553967512471;0.82055667154682;-1.15966933242047;0.0607618527105801;-0.503699625036645;-0.18250018913451;0.455545263493204;-1.67058501927852;-1.7802071336616;0.150932905907321;-0.777662373614475;-1.64183921986677;-1.35384487199648;-1.53920281827755;-0.466927646596553
-0.545418364155885;-0.871561056226565;-1.56657984401033;-1.23522919227327;-0.457939213133707;-0.570870278053698;-0.51653961975282;0.538644076370914;-0.617120959047119;-1.50110922323415;1.09303609432257;-0.217775308169819;-0.400267981693959;-0.230882488920068;-0.674483785078627;1.21973103102982;1.84564159214613;-0.634689118082847;-0.109144050565673;-0.120072543470235;0.230828516073747;0.934261135190273;0.745797958728444;-0.349749464698231;-0.556284213861917;-0.939909323426295;0.75903904303231;1.54019220932436;-1.89897123213989;-0.160942512720947;-0.764375332208097;-1.77735826461866;0.0603573933115378;1.12886098594989;1.49042549168252;-1.74512513457526;1.30731922214417;-0.940300480753725;1.51348479405114;0.954769024342667;-0.700415042294667;-1.95730959159713;1.17830388292555;-1.47319550331859;-0.317433365236044;1.77438864826137;-0.943206123721261;0.24020835405071;0.250562849308177;0.837758634073444;-0.924456359497777;0.265492596246741;0.255665817916241;0.0560354464618089;1.08237449965292;0.580596329221458;-0.0491110906704939;0.510483804325641;0.492057306768014;-1.73569561677838;0.857995786274647;-0.0255623296517319;0.405103760141687;1.05624925714826;1.81885785736794;0.0552592714114669;1.86728418366116;0.302419962695217;0.280722752232967;-0.896534828298814;-2.14345651530138;0.283694529014385;-0.120371635180814
0.612308733184235;-1.21448675593884;0.132141678329623;1.09582860176878;0.396318679480301;-1.91495887162262;0.413919634663997;-1.43515045661932;-0.916612082302488;-0.93017374191333;-0.221499155991362;-0.902563848612979;0.400965199584992;0.768030847026259;1.64953446230386;-1.69636905307756;-1.17969934772419;0.223400612596192;-1.17480392160248;0.47021046868094;1.15293698411623;-1.82959800371526;1.08439137821595;0.0750549028840488;2.0030684191374;-0.544037343807676;0.86992026556541;0.771370586950052;0.455360139691962;-1.24475972562092;-0.131674516459722;0.796046168621084;0.434862013028186;-1.37907180236753;0.999952082321913;-0.0614638034003226;-0.616994551847623;1.07125718764127;1.30781784533541;0.254842692328152;-1.21961730836154;1.50157344426698;0.676560191101435;-0.667884079823513;-1.28588653278982;0.300044485236533;-1.120443880023;1.69318428865453;1.61679239616066;-0.0876026117188874;-0.482692737213378;0.766322213832527;0.915364328602151;-1.83428726817165;0.359924118451867;0.335266344710024;-1.06114959089832;-1.42251180490043;1.07944793338234;-0.995906825441159;-1.34105529016618;0.457006877382588;-0.0741978839292707;-1.62619452725902;1.05000341766548;0.795755118675142;1.00483464797344;-0.234172602877457;0.664013314214031;-0.180781140364201;1.01320168124999;-0.349172831633548;0.897605594534283
0.134541578940569;-0.284925924166877;1.36053337126186;-0.29598449129994;-0.0359779425821231;-0.211899594194875;-0.284724657885938;-1.96829985487438;1.62765773698654;1.53314218852319;-1.63689611800533;0.60555504424588;0.607636501480243;1.11650406579809;0.861383258850539;0.685540839291641;-1.13873639335499;-1.85330779048169;-1.06937450527867;1.80037752552071;0.0937381309499752;-0.503241062198106;0.0689198303099243;-0.412720725703873;0.249983589114583;-0.0759966718317982;-0.67218994032285;-1.42450685807323;0.799754698501002;-1.0299525047941;-0.147623095467496;0.951313916939434;1.32712614289355;1.79760071894067;-0.906741052627677;0.219195152732477;0.386425549369336;-0.840402168463595;1.22806343708125;0.582631947940724;-0.143045092246547;-0.663235243545446;-0.905669823725285;0.935456285218723;0.0576073224422458;-0.553358987824288;-1.07878304403236;1.28036885535554;1.17887469598854;1.25731938393154;0.258029228151709;-0.233156870124124;0.0135141940999854;0.0413305051344577;-1.36015696017081;-1.23614295905007;1.49462031864301;-0.104955711352094;1.27611458498388;-1.47582969028499;-1.78663452166378;-0.499546661101612;-1.21368021812492;0.633045847774155;0.0153306960159958;-0.683895210998342;1.07185516851553;0.704851913933271;0.474612650844668;-1.17884973236821;-1.71593614368731;1.98233402839644;-0.614688649863171
0.468208345219558;-0.0764443121114508;-1.04738473731114;-1.0905354579414;0.894897382715636;1.47085476114565;-1.2150052978129;-0.428133428260228;0.438074788873006;-1.11209501213856;1.77756699960922;0.109413151799096;-1.55673253700962;-0.953357066769642;-0.444965198855019;1.41975328427123;-0.863834630551085;0.504371833173419;-1.18194289084496;-0.201320371149016;0.929586425935612;0.664940967900398;-1.06192413463375;-1.29850587218646;0.0349695828812224;-0.472747568975761;-0.821391155023933;0.542170835128474;-0.164973634135275;-0.649684243851682;1.08625312501083;1.04303954707305;0.908990530841809;-1.24998561458238;2.15248597715735;-1.54868186615894;1.78821886274155;-1.70414561193731;-0.77552199286887;0.100322782833836;1.39068849300022;0.970311117054081;-0.00595679796843417;-0.870959438378659;-0.859291629520911;-0.534948275746019;-0.140043362998428;-1.51313263497736;-0.379704162369726;1.58765430694644;-0.101949561815917;-0.0490476411332233;1.51913401007805;0.189083564940185;0.167110460550488;2.05050715126474;-0.613357254965365;-0.843958804463731;0.564628419999921;-0.0872680389209654;0.827620834584932;0.294678029242596;1.53764964551286;-0.531543019449396;-0.197687380470705;-0.913857922456068;0.928127179376429;1.59699484075905;-0.744390790260407;-0.103907051589636;1.61043039421551;-1.17994006960839;-0.107200398468263
0.474464147767182;0.181871079638319;-1.26324396917397;-1.15871257149059;1.85522004606608;1.50610512264601;-0.948922461826091;1.5129811345582;-0.751614968607783;-0.780713308893623;0.314605553458918;1.57453534783085;-0.660171726468511;1.58874296002762;-0.683249059580001;0.284642138939018;-1.60193599324057;0.997612055593047;1.38091530818831;-0.423549223506902;1.05106674846186;1.54618443226546;-0.542526579054808;1.59249517712256;-0.534786886857384;1.29342720863414;-1.54137474915294;0.107345517482604;-0.0521323583692683;1.30238292807893;-1.16903975848984;-1.40244742489518;-0.77683278120291;-1.26379604711063;-0.793044280729695;1.83255920447782;0.177935949189752;1.37799856252902;-0.152971746168652;-0.481635354766841;-0.376191210862834;0.536430537925848;0.0456208590830868;-0.374977120404591;-0.588601166200449;-0.385548374980818;-1.19004043894866;-0.231968792968539;0.433759821199473;-0.428050501228338;-1.05081872240361;0.94557864287324;-1.3557597034861;0.865680338491025;0.650566587839935;0.775059049826957;-0.487232805431323;-1.34682369504522;1.605843677805;-1.12850421871846;1.34157913170255;0.772418867576177;-0.186533339436648;-0.0747764763966829;-1.29003267280412;0.0343729497872083;0.832807733628604;-1.21834262249177;0.209177831816647;-0.762329614439596;-1.73323148305485;-0.822457877823684;-0.338891453482988
0.261289785353745;-1.64049167131273;-0.665508280959962;-0.138892030445605;1.61569220646504;0.739456109487199;1.30894214529673;0.795248448159426;0.307535946237768;1.74225239680468;-1.90454257636416;0.495920040732642;-0.110862016090058;-1.83228672944128;-0.121003352338534;0.404224436875208;0.341882460134484;0.746259075389074;-0.00565340742587758;1.23452773502036;-0.825334923460767;0.386479249156594;0.780515760177672;-1.36481488055308;-1.59903793307271;-1.11440035394927;0.83901663638567;0.626627379070933;-1.71495936411394;0.908744241949421;-0.700908942729334;-0.463722716254394;1.63971693982215;-0.312879948573;-0.0177290608298513;1.19521645852848;-0.671537020317183;-0.425628679383189;-0.644953125952385;0.0801646951088543;-1.71351328506269;0.0221318961108357;-1.01615283170213;0.768819012513711;-0.0538781116724952;1.39401088596311;0.898733215102587;0.321653893934926;-1.04898040618882;-0.0553371199420933;-1.77020194351466;0.316659395990393;0.780503255229507;-1.24293886545452;-1.52293748008159;-1.39034193830176;-0.338980665248606;-1.16809851252233;-0.308247597839805;1.40565211742992;1.28488984750364;-1.1528511447716;0.698826433429081;1.84717372809643;0.570417284085007;0.153340739416941;0.210568757974828;1.59918501440563;0.153196091947445;0.990743620195779;-1.18522254565735;-0.850601791872326;0.0481129895700139
1.23224331726032;1.01871383763359;1.00476947227068;-1.18024348924825;-1.49139173541085;0.884043169012896;-0.795272257143969;-0.466333883327978;-0.976126488461853;-0.022204499438427;0.356734697999378;0.497614117881846;0.688510883771191;0.814833477668404;0.882143835379117;-0.43460697242503;-0.331254152339791;-0.197179808660289;-1.17792575789825;1.37203921293464;-0.0530368617056288;0.392497623122134;1.14899079285319;0.833520764383938;-0.710342473889697;1.65860694984946;0.809301230872774;-0.668684215418934;0.748875190675196;-1.6761190223259;-0.488713576671166;-0.912192025843574;1.45828624758164;-1.50311290176811;0.335977916077506;-0.528416800066451;-1.23478783256869;1.52564780782488;-0.835054015744791;0.390823498142614;-1.00607982241308;-0.801784012440678;0.304231808000759;0.71791546599198;-1.07210557277452;-0.935421887697041;1.39529380964878;0.818771988487665;0.975651097092039;0.771666863026844;-1.25070551445749;-0.67304611877206;-1.65381966244944;-0.831832186626917;1.41564973761059;-0.503398809973179;-1.34029255637924;1.85910492594035;1.28315436434635;-1.67877778328493;0.765811786800035;1.16972339697806;0.568231875528379;-0.238199559411339;-1.51034213811592;-1.29101322114455;1.18174954717689;0.750234353866533;-1.14096295520637;-0.412691710265445;-1.4329795570826;0.467841005525914;-1.1167097089153
0.355806610214045;0.596169152450511;-1.52170177258731;1.69224192976701;-1.17155718979883;0.266090816646532;-1.41228885529743;-1.74592087944941;1.4298038230768;-0.767458144216079;-1.42586804769939;1.59636045422364;-1.34262775276884;-1.01590688956918;-0.299442477746946;-1.4477294198061;-1.45478578887041;-0.771736103045534;-0.770064844662612;1.23087485473871;-0.853496488569674;0.637796893642119;-0.716219519430199;0.769596492885454;-0.74826388097104;0.124462206030411;1.58724215731918;-1.28581606987414;-0.61641604647975;0.718843829517459;0.309967263165434;0.19980287449722;-0.332661887214427;-1.66642904355078;-0.316387876749908;0.220354357538403;1.26010779776216;-0.358669585184686;1.17143091500208;-0.726284478050523;1.05710299207615;1.57545237393021;1.22811471857313;0.119393000999236;-0.353258283926827;-0.983295418353735;0.965936673645479;1.43275216941015;-0.394943198413227;-0.42699564106188;1.56443538493167;-1.59987429332275;0.799158031775321;0.421973382512441;1.35266770173982;1.35379641223508;-0.766342597657872;-0.564890670223254;0.500965111054338;0.324293818352531;0.20227226613054;1.2136247864459;0.745512107154595;-0.731037754730532;0.601057814891811;0.153830565632906;-0.153211361891605;-1.77158836532737;0.804252745395926;1.31246500594584;-0.766247517123497;0.712756126941478;-0.562861699893192
1.13379906294626;-1.49796242392806;-0.824527537305765;0.945933265893059;0.739619629622681;-0.729558434548971;-1.89443645643523;0.221735737653673;-1.65918663044648;1.01341427910945;1.36451124923142;0.500729979623089;0.0395711386533529;0.793897670445445;0.356194963849386;-0.819985561250723;0.54364858988589;-1.12221373935761;-0.032987299468288;0.488393492177539;-0.852502690726498;0.925044446235794;1.61795367588996;-0.982288102750112;-0.368051331862237;0.783980445563839;1.01668891875183;1.30001147642841;1.11708522490263;-1.84593504219758;-0.860242142316452;-1.242067687924;-1.08626611350693;0.63717389808787;1.72551769097644;0.0252274537904116;-0.0903771811741992;-1.33173630501191;0.538654758093932;-1.21653941720205;0.436550780308142;-2.05416414902627;-0.0662562798484627;1.75912283223381;0.828438955986242;0.0796916770144143;-0.651204789207687;0.716750145510359;0.596851434893285;1.34121451147988;-0.804437993693404;0.276622476150283;1.02781309151898;-0.923733052271059;-1.66747075710542;-0.942197115884663;-1.26737359872531;-1.31357514965597;-0.855317077976786;1.21235499028424;-0.0308243426207365;-0.813797962196993;0.929684625858471;1.5748352064152;-0.431626291277015;0.484794458246756;-0.336603051999812;1.03168902009153;1.45805038310517;-1.06780221980822;0.355641021391889;-0.301038948384878;-0.263477257143906
-0.155515451875368;-0.985306814500455;-0.978183496032251;-1.01740547743303;-1.4343353143195;-0.333485506704771;-1.44025934638728;0.286266126737478;-1.20379256708141;-1.07435750615935;-1.32775729952769;1.72347781711233;0.797186483362724;-0.359314877621911;-1.67676346833601;0.519264471402648;1.16824923637842;0.210761962488981;0.00861131199091092;1.46307307454292;1.12256848645338;0.762460752324232;-0.18869210414743;-0.592008132868251;0.541582333709466;0.318594576986318;-0.886846400697192;2.09370489669546;0.13659906657937;1.56297860332963;-0.0304459916957785;-1.08214967022452;1.05740266731505;-0.842265044004264;0.508959400378678;2.06792420335132;1.84381231357183;1.78099502609035;-1.16022037174565;0.601516772636508;-0.391477687307642;-0.397120671147988;-0.561780561645469;-0.638546898585292;0.845991848254112;-1.65511952978545;0.739930110978982;-0.351773339631752;0.310166895048308;-0.138976883433887;-0.349974058863768;0.476292454960931;-0.916783084075142;1.38398493052324;0.851482304053468;1.16145213869203;0.961802577158378;-1.03357723331847;0.319193454599117;0.136938912678899;-0.620064087365909;-1.06464663810036;-1.07226259431294;-0.537467616729867;0.425185538971696;1.60970260024908;-1.32561861624636;0.204269684109878;2.06001821573336;-1.13760043814243;0.585783962967709;1.02621852867624;0.0922273181524095
1.46487523207142;0.215492835986874;-0.352308358533143;-0.26272696357787;-1.04460846370673;0.493682322656851;0.014237199334103;1.32461400149669;0.937309580066657;-0.230870125990689;-1.68816182202479;0.672551191996783;1.60104350254228;-1.6690303786059;-1.9537398368003;-0.155985904414918;1.02059684406206;-0.789983188758294;1.4482042979295;-0.163297697881958;0.521007684826433;-0.14839949668653;-1.41633273637192;-0.422795130527588;-1.64374501926183;0.350902775789055;1.29448637566509;1.23680332519588;-0.888714140678299;-0.220092881063631;0.190754855213803;0.944298114786174;-0.276055950239931;-1.18921340035712;-0.867474022123751;-0.969597970887239;-0.484551803330331;-0.873119631273612;0.296491431069463;-0.0258660792196188;1.41539638986401;0.426411858606446;-0.541986744703321;0.939449139494283;1.49760087582626;0.167424754369509;0.32134138129517;1.23865565136446;-1.29143226367996;-2.04277380136804;-1.22851640370215;1.342278474908;1.16366132328138;-1.42060064500021;1.25583548909597;-0.657914986761716;0.0543309603654453;-1.57717110884597;-0.573860725174215;0.278415527736628;0.839071598811288;0.71742227492016;0.159751720839122;-0.0380392124991091;1.25100431464224;-0.510232025845684;-1.53562769906116;1.0126598475218;0.853739919961707;1.40413396220089;-1.68717031376761;-0.0463649295853256;0.640849682393945
-0.0530634767633784;0.456445811779598;1.50371218504339;-0.995568034921033;-0.392170936380163;-0.716712485068465;-0.254239682814883;1.50717792550311;-1.80178777619372;1.09098781629675;-1.40268615599895;-0.62344542600866;0.533132057889209;-1.78652529730706;-0.845869460711017;-0.957813861658071;1.43202527500469;0.705705744433249;-0.812277470113005;0.994643235316661;1.39808068645218;0.819181964949651;-1.00904419415154;-1.38824924487085;1.0361601619786;1.03602378574471;0.194095088913387;-0.109916143949125;1.2109142163536;-1.65593104410628;-1.15630758921365;1.6540726495556;0.0272616450286826;-1.10977248365968;-0.784910742747588;0.451573344008308;1.23652786890414;-1.25455460107207;-1.65874815031635;0.567437696786236;1.06919313334911;0.369869510777742;0.344521869666005;1.20534079599742;-0.659938352064131;-1.36313416849006;-1.06731199921802;-0.678734668771423;1.08248523716643;-0.218380227446263;0.956646562317136;-1.23208011792603;1.07493568649355;-0.0651697377187852;-0.0617541012024344;0.576414597319885;-0.437894132283298;1.32448844944525;-0.581109451598773;0.472593544965408;0.955167500755739;1.63486840025355;-1.35000063785277;1.61727794942644;0.390903844790713;-1.34034322778723;-0.0393298460973091;-0.552297782236328;0.957187690427094;0.916633370343666;-0.782648754020186;0.391618664878238;0.452739885745796
0.567286679051256;-0.918881833092384;-0.272875252550398;-1.31308865946477;-0.447335786222489;0.372275079317859;0.765319476272315;0.4813949514165;0.135265218094655;1.42609079574737;-0.354808072628878;-0.688414808602201;-1.39498161813629;-0.986120712533089;-1.21408211930037;0.461958394188377;0.497774032248445;-1.04846753218683;1.47087899338118;1.73691859663427;-0.145029609383821;-1.65041942766685;1.65119365717487;0.361475529203388;0.825573594964226;-0.885005893891891;-0.716572227242514;0.667719632225829;1.35092057936463;0.254083759678558;1.94029100520594;-0.669630250946804;-1.18547188773386;-0.269988603585401;-0.791677800603511;-0.365125706349274;-0.158795556936677;0.539507136467233;-1.19829757970563;-0.45777188612312;0.796523219498069;-1.53674980910428;-0.520934887228737;-0.684869210488128;0.801717057729406;0.910141252441749;0.484514542228906;-1.59465614178322;0.37490556233817;1.82958426593344;-0.334199712003075;0.740920932080179;-0.770544283978665;1.62474673891543;-0.31154785920284;0.622053264928628;-0.428495649506763;1.51887248709193;-0.242774193593388;-0.843121192239164;-0.171854787020176;-1.09040451312806;1.11919578898463;1.55719250576652;1.4035522041097;-1.05289008000356;-0.954585523239965;0.907694009543493;-1.42009741730498;1.09852977598876;-0.602407036731718;1.85370478773227;-1.58345480706312
0.0684404577637413;-0.95142271107836;-0.528577944138111;0.400990327857565;0.361923433482798;0.924832557895651;1.51190433633206;0.141321612704865;-0.826499665425158;-1.38158797583172;1.42738830687438;-1.29184350408298;-0.609371143132543;1.63224118657287;-0.868876889438927;-1.72802248852283;0.279082880909164;1.68306459148491;-0.00267332222219353;-0.891157368118811;1.28774036044066;-1.51135301827045;0.347752260886616;-1.09762129112631;-0.276196693881956;-0.309832808277284;0.647098325164711;0.687334502456366;1.22977521015888;-1.620924441403;0.987809231258937;0.475794119585326;-0.497838355800558;0.197752980599664;0.872726354098818;0.106998529767976;1.56751279641127;1.54610464661776;0.963214047705116;-1.53692890857289;-0.227551363839839;0.29354603400552;-1.37054225935087;1.34313092256577;1.49367467385876;0.983474067534194;-0.307480414963243;-1.43622490001435;0.987413478465573;0.766361888859921;-0.297154944124604;0.779268665570693;0.648837456764469;0.850560500755743;-1.01632411705651;0.107956690734368;0.441464666355879;-1.15023136301887;-1.11954306916088;-1.46651796791661;-1.48808468618432;-0.900436388408326;0.662688277724345;-0.957709679035325;-0.551358433589978;-0.985719296375714;1.15635532083269;1.06526837388868;-0.924352916655422;0.514160893015859;-1.42589844312711;0.6040637163195;-0.967898693384358
-0.54105019281198;0.922031212790199;-1.36830485738861;1.53108730157897;0.573936470854382;-1.05630684281844;0.737777010368444;-2.05976373583685;0.310236563957556;0.703650998032831;-1.21712833456681;0.0520340889045611;-1.92445965601866;1.53070247372218;-0.338549170823931;-0.874977990331458;-1.07122600452904;1.39834066199584;0.909488843138688;0.702515469200442;0.482524355393669;1.5389107558775;-1.44913262449829;1.45815606355338;0.856013441242145;0.0181738660262313;0.672590491139229;1.14051528915231;0.127604897751807;1.40597546279572;-1.47382584571185;0.161485886080949;0.618277090994596;-0.212050584565529;-0.922349068117377;1.27402842228644;1.34313476155555;-0.360328821318721;1.30236906447459;0.765776199017833;0.0403050409642555;-1.72886560229724;-0.169308839102197;-0.902975514958183;-0.198555170826658;0.31389757607991;-1.06331011005488;-1.27082145706773;-1.23507400844401;-0.374416555777555;1.6590838385731;0.610673929319524;-1.34252199506841;1.3870636003991;-0.224788375283798;0.0486135831830719;0.0655698677646986;-0.931973792070858;-1.67359912192842;-1.6769657188689;0.0108257048423192;0.802592589097055;0.109965916923739;0.58573228795137;0.472937926230324;-0.0839029455819662;1.02436133796663;-0.486144739659554;0.404987945923393;0.163987473534741;-0.137546232000865;0.449174058754067;-2.04834241326312
-2.07317435742354;-1.30884393273088;0.235153311872398;-0.572368906669953;1.06777359610303;-0.113674440935772;-0.804561661944269;-1.24991521936204;0.128653564312383;0.117214820157357;-0.766423801115419;1.28119494108508;-0.495839058624131;-0.237049532852503;0.766502740568558;-1.94382512938356;1.2614606509538;-1.06400251602328;0.561537256835642;-0.545284642351497;1.1853196298146;-1.06294046826138;0.679329597658171;0.438355558005122;1.09396783608335;0.416927400831396;1.43513119534677;0.694593016823268;0.702735396859315;0.32471160466682;0.269042368952073;1.15061630695671;-0.880349171172131;0.43262790034011;-1.04381230923872;0.879069024489969;1.27663147166766;-1.45016890738876;1.33706493314235;1.39651237927568;1.26606840681531;0.948364014556261;-1.00270224820398;-1.23652534170812;-0.773024247132113;0.865163127636382;-0.662416596135057;-1.33343832525396;-1.45184648036653;-0.305719130357526;1.16468297893203;-0.235990299443599;1.15083315899149;-0.535192563483984;-1.09377427186514;1.10445904624081;-0.587974635548308;1.39164936039409;-0.0423451829993406;-1.70660250940519;0.270038486558446;-0.0190609762952545;0.104298098625641;1.28265643252188;-1.83033301825323;-0.995523561555307;0.583987451593686;0.544711042985731;-1.03878991173896;1.31497042471975;-1.69172902569401;0.949544529947398;-0.0209645600938809
1.20623402587837;0.241573394841009;1.6875620462109;-1.29073062220295;0.644298392624676;-0.00909221175172106;-1.49940141870964;-0.361671535307903;0.770420982357589;0.64207082252324;-0.274602222741719;1.15869954295853;-0.673482833442746;-1.05362853905676;0.945334439382053;0.0325500315919694;-0.41132631801139;0.22418922735609;-1.45387640285494;-0.468383384903117;1.0903982144264;-1.13582125492732;0.0031493879663923;-0.285984182975391;-0.963579091778687;-0.925949505133564;1.90842167301658;-1.85210026354299;1.34455727470385;-1.56758860009415;-0.943274962176402;-0.315744933754198;-1.25208300001121;1.34810899963589;-1.14141936544252;1.43368908104754;-0.568061043994025;0.92432785069573;1.13752846678537;-0.358757919390052;0.421841134056022;1.14908850236352;1.3250634180651;1.19008091691555;-1.47951742800424;-0.94476124468355;0.737606901684015;-1.17745203913621;1.85792692141728;-1.20129834480865;1.23332451583765;0.381062936148974;-1.63067364488565;-0.0588585480219158;0.873710251990573;0.255786101412767;-1.363109033702;0.15334069922818;1.39305448548323;-0.00726952124465458;-0.00116622016260324;-1.30547453406245;0.558184084758606;0.81862951052147;-0.0277751407659038;-0.822564968676812;0.6330093524581;-0.725251425986357;-1.69807274340158;1.32376546595067;-0.23804802476175;0.0234721140388234;0.245055595323536
0.313297477425254;1.40181804628896;1.16372711471268;-0.541708186604103;-0.389262662111441;-1.0045249505561;-1.3043738918955;-0.76373881156129;1.47567477665754;-1.27627903517958;0.376603417082542;-1.30768176266729;0.221211946180244;-1.11439152755444;1.1939169989471;-0.561456108675457;-0.0569662115546312;0.479784967384419;0.347275660007508;1.95358206304243;-0.967988283371404;0.937972432436532;0.056810834926233;-1.46594715999958;-1.24924527919302;-0.0627796666359477;0.818689899325834;-0.0111162694219368;-0.604889999198173;-1.61571067188683;1.18359059772762;0.665845983004195;-1.1760100268275;1.88152720551146;0.0410977854040224;-0.675327674556461;0.877792393261033;-1.15381694603277;0.546844019788647;-0.991161694451351;0.723895171737118;-1.67608095196009;0.487328020902081;1.359061994062;-1.57984933344981;-0.478759345652544;1.27608286539843;1.28328262271625;0.792019915644822;-1.27540564698671;0.0737283123670689;-1.65494776638143;0.0819249454267153;1.14588939212432;-0.883318855825746;0.757199536173142;-0.41628889550114;1.14685593506681;-1.40992653323232;1.61027189810443;-0.531246677833189;0.597476864955484;1.28096333629418;0.0810217134620049;-0.640264000075152;1.26204299699312;-1.16452311552642;0.248119201676442;1.52854173456694;0.00364854730120521;-0.017362430528667;-0.413653986440794;-1.05293139584241
-0.0863062324293728;-0.891157784644573;-0.699798279174145;-0.904392809279622;0.504338988403005;-1.03142578326993;0.751265326729764;0.732934273688261;-1.46483755235502;0.399708409149425;-0.474388561532698;0.0121089619825862;1.47665671846752;-1.12925405426981;-0.134224574378503;0.858920523486824;0.53491438546102;1.58087603888885;1.94562003838554;-1.36711675865006;0.695944512398091;1.01058492633663;-1.30849803406239;-1.17787742093913;1.75296382666723;0.69003308319449;-0.600438114183847;-0.508271977064031;-0.768543379309606;-1.34461868452022;0.0221756857170362;0.214759311509884;-0.614448812711147;1.94702054420105;-0.94660924799928;0.389392141126898;-1.46396373267485;0.26359118445868;1.40676359703989;0.483071595761023;-0.0592471114873394;-0.358302715800809;-0.401333290663685;-1.38185628265613;0.528826797185009;-0.521605422129739;-0.39686005190581;0.498906425282861;0.771565455759474;1.15768053419202;-1.31370976965146;0.377843158761657;0.535024527922439;-0.695280720102754;0.297483452294785;0.497013464735201;-1.07426865296629;-1.70504091395923;-0.724661143585564;1.40205174825428;1.45408616789149;-0.426806693162531;-0.483604831461748;-1.74511132688;-0.972809156812488;1.44890576194813;-1.18319386684627;1.24460170222254;1.40858086505684;1.25751926115877;0.81990243230005;-1.20213270408497;-1.3951853732719
-0.466585633475388;0.226020806583913;-0.480879419281884;-0.0127722808152307;-1.57229762771777;0.232996343872916;0.530636130645177;-0.40863959121855;0.65844266507978;0.454697737500845;-0.465108646772113;1.5670297180842;1.30307536729017;1.56494158990092;-1.57843799096645;0.208569499597637;0.401243271039066;-0.242041851435484;1.56007948259249;-0.771627232185203;1.7042063506349;0.55130533988163;-1.23628523303098;1.53529183204281;-0.678835019892517;1.60471672559943;0.754846343112174;-1.07608974348323;0.175398591408979;0.681643768051596;1.23663945741153;-1.04551904875409;-1.67993378486471;0.024670004299226;-0.524286092621917;0.925227798140285;-1.1820396011358;-1.19910644810785;-1.16136351081233;-0.217841433799519;0.738903194546211;0.156999020629616;-0.509140413690748;0.763368374585987;-1.63942093163387;-1.39020866274982;-0.816997787438389;1.47183204015501;-1.40846350254889;-0.305769518923241;-0.295792273577796;-0.300711762352927;0.817169710753738;1.35961936192043;-1.60462085810444;0.933998438782061;-0.414594406787953;0.0968356953427587;-1.31792645925579;-1.33084237393519;1.42413737921514;0.126107815807006;1.47076412771164;1.54390528426173;1.22181484965568;-0.911792916542597;1.38481362661951;-0.498079930645148;0.887283904207464;-0.55961084652924;-0.167010305027727;-0.196442622436575;-0.66700347684339
0.264563845736586;0.811557298420547;0.134067822549858;-0.312724026899227;-0.304864783387377;1.22024797219814;-0.779278396321019;0.706373001455899;1.30930230452957;-1.11295176897364;-1.21895076819945;-0.413082015842145;0.0298475706488486;-0.305683093859883;-0.991282771567508;0.221908306529454;0.481336083446017;-0.70730713962857;0.490632083341332;-1.55006510360663;-1.72403222574879;0.38991805091263;-0.971674372881967;0.910856973261951;-0.0689083258697621;1.58959903357789;1.29107221370158;-1.01434871910636;1.35823975574091;-1.11793918875756;1.02268028079044;1.68172304081568;1.25100566293649;-1.14047140608923;-0.861017640908412;-0.781104686521272;0.429236227604016;-0.748667234903213;1.95761215178985;0.21060519647411;1.40625005322305;-0.0664710313096733;-1.64945568918448;-0.279430528276658;0.321998539748998;0.123731160350094;-0.297857629264022;1.07872134243719;1.11645299356429;1.2028829543653;-1.3201738965935;-1.67091086869622;1.07242459861912;-0.469309673105501;-0.95156708708627;1.40674678512674;0.0585331205607596;0.994996015311738;1.58186593040438;0.499880976550938;-1.39207430912546;-1.18120597267228;1.02869897206171;0.590188783711578;-0.347370984526151;-0.840798641919921;-0.361465652457446;-0.659750298992453;-0.915593041093322;1.99887200165981;1.31573658931345;-0.81326462374544;-0.525450029209336
-1.38197226891635;-1.15211312866405;0.156333902435807;0.318367139220803;0.982447538249387;-1.74801450905786;0.91648575605975;0.00309365968110908;-1.2546826350301;-0.169118511008069;1.54453634219821;-1.6452477455788;0.943812413853752;-1.13179377361421;-0.0508239878774112;1.25501529074325;-0.36054148192432;0.684450943728571;0.94839174527495;-0.310251115992372;-0.359591458249941;-0.0989461069438189;1.13861724575465;0.637936589799229;-0.670492898535438;-1.6069648240256;-0.496527902244657;-1.07563804274062;-1.67923274259209;0.297025988072381;1.0878164441564;1.79909596191447;1.36669335091511;0.70683330511264;0.621892397033733;-1.00513790225424;0.520424178453518;-0.750677465826668;0.864085313342645;0.790809621056818;-1.30982917163828;-1.46966609388949;1.39248048745441;0.530925013129422;0.858902295979483;0.2651245741972;0.187423439832451;-1.26287318704464;1.14444769236022;-0.383708526099158;0.781023000344337;-1.02136304891668;-1.09207073298575;0.847553021681192;1.31579296448599;0.107465343247814;-0.549514107691167;1.57114427110703;-0.949980428623604;0.82492953722509;0.75290945624545;0.493199887465213;-0.308488465109737;-0.127109759985466;0.59317731271645;1.69293782135488;-1.30884482105839;-1.57235754392276;0.234551607738825;-0.46352355521997;-1.06658771577582;-1.61148081872346;1.52885331489243
-1.5028400419798;-0.285459547000122;-0.407032705643353;0.499877718880161;-0.954922740854323;1.24935226021523;0.853173494237355;0.0355974591539125;-0.567293993892451;-0.741868310738103;0.310574592061815;1.17714405571063;0.115316560475035;1.25232827131937;-1.40013357467519;0.84977096749486;-1.1502097149001;1.35512741218903;1.04939415821276;-1.14014312535817;1.50047437939299;-0.993719228275658;-0.151257667143178;0.423930437745095;-0.0830550722358878;-1.85281704362678;1.35046493933092;0.294818156686512;-0.00817350139242886;0.191586165439902;0.250538944227108;-0.64168645346759;0.759931317435483;-0.618028567247621;-1.37249692362385;-0.153553402207511;0.294933255969643;1.28520357437269;-1.27932774854997;-1.52869105856598;-0.028385967524041;-0.54027232025235;-0.39951861852567;-0.963852407605147;1.45372117539709;1.01238957218398;-1.13708762456284;-1.13884939761096;1.48833058783946;-0.608593124363354;-0.0346596713696152;0.00760930076354177;-0.00556593032877888;1.53069417777521;-1.40386148406817;1.83826507969796;1.30324290871671;0.687107883042099;-0.958772826520303;-0.905695963186615;-1.25641108872459;-1.09567918893776;1.92753257156779;1.48579240328888;1.13575786981757;-0.73082907598486;-1.27977059584196;-1.00934560125604;1.05622637195199;0.736335208240198;-0.754666728039867;-0.974803972563545;0.662050269636194